{
    "BAIDOGE_USDT": 37.79202701643,
    "DGB_USDT": 12.1491133166,
    "CRV_USDT": -168.48736585904703,
    "DYDX_USDT": 6.779114323884,
    "SUPER_USDT": -1.3202159201380015,
    "LINA_USDT": -695.9130365928601,
    "FIL_USDT": -0.022341085028,
    "PEPE_USDT": 15.980327699999998,
    "DOGE_USDT": 6.179710488389999,
    "API3_USDT": 94.55132631273601,
    "SUI_USDT": 88.70913192563602,
    "JASMY_USDT": 30.886451080405,
    "LAI_USDT": -138.63194751931,
    "CRO_USDT": 18.396840600835,
    "RACA_USDT": 0.0128510392,
    "COTI_USDT": 0.025881762215,
    "XEM_USDT": 0.006321324,
    "TON_USDT": 3.322183611005,
    "CARV_USDT": 25.68035833307,
    "ALCH_USDT": 10.42260501664,
    "AUCTION_USDT": 13.852076453357999,
    "MAVIA_USDT": 124.39132475681001,
    "JELLYJELLY_USDT": 73.36674030134,
    "FARTCOIN_USDT": 102.527590282454,
    "L3_USDT": 11.403484691420001,
    "ARC_USDT": -15.60642798121001,
    "MKR_USDT": -21.256583119004002,
    "AVL_USDT": 33.22453426618,
    "KEY_USDT": -203.6205101761,
    "AAVE_USDT": 3.420448989984,
    "AUDIO_USDT": 1.620832506723,
    "FTT_USDT": 7.752713543552,
    "EOS_USDT": 42.546528347952,
    "CORE_USDT": 7.696087769792,
    "HOOK_USDT": -151.435743222758,
    "ETH_USDT": 14.543834454409001,
    "SHIB_USDT": -34.76600445083,
    "XRP_USDT": -29.18435020784,
    "CAKE_USDT": -106.140886235808,
    "TOMI_USDT": 60.08539113803,
    "MAGIC_USDT": -52.388194443195,
    "UNFI_USDT": -47.8152406599,
    "MASK_USDT": -10.758278471988,
    "OG_USDT": -28.375876780012,
    "GALA_USDT": 23.72924192799,
    "AXS_USDT": 20.355489582617,
    "LTC_USDT": -75.287465946011,
    "SOL_USDT": 8.51059025,
    "BCH_USDT": 2.0268327,
    "MANA_USDT": 10.915852003218,
    "IMX_USDT": 30.474921837796,
    "BSV_USDT": 134.91919319922,
    "EGLD_USDT": 14.38501627997
}