{
    "bot": {
        "long": {
            "close_grid_markup_range": 0,
            "close_grid_min_markup": 0,
            "close_grid_qty_pct": 0,
            "close_trailing_grid_ratio": -1,
            "close_trailing_qty_pct": 1,
            "close_trailing_retracement_pct": 0.03,
            "close_trailing_threshold_pct": 0.1,
            "ema_span_0": 200,
            "ema_span_1": 200,
            "entry_grid_double_down_factor": 0.18483411014485185,
            "entry_grid_spacing_pct": 0,
            "entry_grid_spacing_weight": 0,
            "entry_initial_ema_dist": 0.05,
            "entry_initial_qty_pct": 0.7965531499888344,
            "entry_trailing_grid_ratio": -1,
            "entry_trailing_retracement_pct": 0.035,
            "entry_trailing_threshold_pct": -0.15,
            "filter_relative_volume_clip_pct": 0,
            "filter_rolling_window": 60,
            "n_positions": 6.175211969674911,
            "total_wallet_exposure_limit": 1.6507711912504375,
            "unstuck_close_pct": 0.025,
            "unstuck_ema_dist": 0.01,
            "unstuck_loss_allowance_pct": 0.4,
            "unstuck_threshold": 0.2
        },
        "short": {
            "close_grid_markup_range": 0.017038652423385932,
            "close_grid_min_markup": 0.022776258831606763,
            "close_grid_qty_pct": 0.45710841238186967,
            "close_trailing_grid_ratio": 0.4789500513086612,
            "close_trailing_qty_pct": 0.7964967354512767,
            "close_trailing_retracement_pct": 0.0832004268836597,
            "close_trailing_threshold_pct": -0.08584613181490576,
            "ema_span_0": 1614.359357713465,
            "ema_span_1": 713.7898124254386,
            "entry_grid_double_down_factor": 1.4593583056674124,
            "entry_grid_spacing_pct": 0.021552240303939107,
            "entry_grid_spacing_weight": 0.5166058126038706,
            "entry_initial_ema_dist": -0.018907944568918495,
            "entry_initial_qty_pct": 0.08659361465314738,
            "entry_trailing_grid_ratio": 0.9943706888627667,
            "entry_trailing_retracement_pct": 0.018819928704720768,
            "entry_trailing_threshold_pct": 0.04491335126108009,
            "filter_relative_volume_clip_pct": 0.33057419042113617,
            "filter_rolling_window": 305.15534996414124,
            "n_positions": 0,
            "total_wallet_exposure_limit": 0,
            "unstuck_close_pct": 0.016469710511132673,
            "unstuck_ema_dist": -0.07820420944838369,
            "unstuck_loss_allowance_pct": 0.09677460545979244,
            "unstuck_threshold": 0.8994943456599428
        }
    },
	"live": {
		"auto_gs": true,
		"coin_flags": {},
		"empty_means_all_approved": true,
		"execution_delay_seconds": 2.0,
		"filter_by_min_effective_cost": true,
		"forced_mode_long": "",
		"forced_mode_short": "",
		"leverage": 10.0,
		"market_orders_allowed": true,
		"max_n_cancellations_per_batch": 5,
		"max_n_creations_per_batch": 3,
		"max_n_restarts_per_day": 10,
		"minimum_coin_age_days": 365,
		"ohlcvs_1m_rolling_window_days": 4.0,
		"ohlcvs_1m_update_after_minutes": 10.0,
		"pnls_max_lookback_days": 30.0,
		"price_distance_threshold": 0.002,
		"time_in_force": "good_till_cancelled",
		"user": "real"
	}
}